plot_id,observed_on,variable,value,unit,source,uncertainty
IN-TNJ-01-P1,2025-06-01,vh_db,-26.333039471375066,dB,sentinel1,0.5
IN-TNJ-01-P1,2025-06-01,vv_db,-13.206777176961396,dB,sentinel1,0.5
IN-TNJ-01-P1,2025-06-07,vh_db,-26.473183555056618,dB,sentinel1,0.5
IN-TNJ-01-P1,2025-06-07,vv_db,-12.766537279708901,dB,sentinel1,0.5
IN-TNJ-01-P1,2025-06-13,vh_db,-23.178110142966776,dB,sentinel1,0.5
IN-TNJ-01-P1,2025-06-13,vv_db,-14.807788201285392,dB,sentinel1,0.5
IN-TNJ-01-P1,2025-06-19,vh_db,-20.283440142967542,dB,sentinel1,0.5
IN-TNJ-01-P1,2025-06-19,vv_db,-12.739115789487919,dB,sentinel1,0.5
IN-TNJ-01-P1,2025-06-25,vh_db,-17.441029904457093,dB,sentinel1,0.5
IN-TNJ-01-P1,2025-06-25,vv_db,-10.566986526127417,dB,sentinel1,0.5
IN-TNJ-01-P1,2025-07-01,vh_db,-16.009382861402567,dB,sentinel1,0.5
IN-TNJ-01-P1,2025-07-01,vv_db,-9.28684852251064,dB,sentinel1,0.5
IN-TNJ-01-P1,2025-07-07,vh_db,-15.128620182902438,dB,sentinel1,0.5
IN-TNJ-01-P1,2025-07-07,vv_db,-7.7400533669799785,dB,sentinel1,0.5
IN-TNJ-01-P1,2025-07-13,vh_db,-15.154228049228006,dB,sentinel1,0.5
IN-TNJ-01-P1,2025-07-13,vv_db,-10.458055111498702,dB,sentinel1,0.5
IN-TNJ-01-P1,2025-07-19,vh_db,-14.406112486476554,dB,sentinel1,0.5
IN-TNJ-01-P1,2025-07-19,vv_db,-11.38724963084641,dB,sentinel1,0.5
IN-TNJ-01-P1,2025-07-25,vh_db,-13.886372775814634,dB,sentinel1,0.5
IN-TNJ-01-P1,2025-07-25,vv_db,-6.172895862541062,dB,sentinel1,0.5
IN-TNJ-01-P1,2025-07-31,vh_db,-13.489356251118801,dB,sentinel1,0.5
IN-TNJ-01-P1,2025-07-31,vv_db,-6.562724695056757,dB,sentinel1,0.5
IN-TNJ-01-P1,2025-08-06,vh_db,-14.275831591605378,dB,sentinel1,0.5
IN-TNJ-01-P1,2025-08-06,vv_db,-6.769853150016525,dB,sentinel1,0.5
IN-TNJ-01-P1,2025-08-12,vh_db,-15.288996232732933,dB,sentinel1,0.5
IN-TNJ-01-P1,2025-08-12,vv_db,-10.63329441770147,dB,sentinel1,0.5
IN-TNJ-01-P1,2025-08-18,vh_db,-15.821141385325248,dB,sentinel1,0.5
IN-TNJ-01-P1,2025-08-18,vv_db,-10.35297526237295,dB,sentinel1,0.5
IN-TNJ-01-P1,2025-08-24,vh_db,-16.963547631504674,dB,sentinel1,0.5
IN-TNJ-01-P1,2025-08-24,vv_db,-9.024435348326715,dB,sentinel1,0.5
IN-TNJ-01-P1,2025-08-30,vh_db,-17.922823720075847,dB,sentinel1,0.5
IN-TNJ-01-P1,2025-08-30,vv_db,-10.165382276651467,dB,sentinel1,0.5
IN-TNJ-01-P1,2025-09-05,vh_db,-18.681328027276756,dB,sentinel1,0.5
IN-TNJ-01-P1,2025-09-05,vv_db,-11.887347467920037,dB,sentinel1,0.5
IN-TNJ-01-P1,2025-09-11,vh_db,-20.221442146673315,dB,sentinel1,0.5
IN-TNJ-01-P1,2025-09-11,vv_db,-12.986475152193844,dB,sentinel1,0.5
IN-TNJ-01-P1,2025-09-17,vh_db,-22.903211294241473,dB,sentinel1,0.5
IN-TNJ-01-P1,2025-09-17,vv_db,-12.871527057370939,dB,sentinel1,0.5
IN-TNJ-01-P1,2025-09-23,vh_db,-24.950541640057676,dB,sentinel1,0.5
IN-TNJ-01-P1,2025-09-23,vv_db,-11.973449577686079,dB,sentinel1,0.5
IN-TNJ-01-P1,2025-09-29,vh_db,-15.437594825503174,dB,sentinel1,0.5
IN-TNJ-01-P1,2025-09-29,vv_db,-7.436564032819334,dB,sentinel1,0.5
IN-TNJ-01-P1,2025-10-05,vh_db,-15.524401457025117,dB,sentinel1,0.5
IN-TNJ-01-P1,2025-10-05,vv_db,-10.86263685759609,dB,sentinel1,0.5
IN-TNJ-01-P1,2025-10-11,vh_db,-14.756483365279784,dB,sentinel1,0.5
IN-TNJ-01-P1,2025-10-11,vv_db,-10.424053497447131,dB,sentinel1,0.5
IN-TNJ-01-P1,2025-10-17,vh_db,-14.140031525188828,dB,sentinel1,0.5
IN-TNJ-01-P1,2025-10-17,vv_db,-6.588028638938473,dB,sentinel1,0.5
IN-TNJ-01-P1,2025-10-23,vh_db,-13.75314722784469,dB,sentinel1,0.5
IN-TNJ-01-P1,2025-10-23,vv_db,-6.632516427283541,dB,sentinel1,0.5
IN-TNJ-01-P1,2025-10-29,vh_db,-13.579344439455467,dB,sentinel1,0.5
IN-TNJ-01-P1,2025-10-29,vv_db,-6.294674972170025,dB,sentinel1,0.5
IN-TNJ-01-P1,2025-11-04,vh_db,-13.675824822790926,dB,sentinel1,0.5
IN-TNJ-01-P1,2025-11-04,vv_db,-6.865826878605305,dB,sentinel1,0.5
IN-TNJ-01-P1,2025-11-10,vh_db,-13.881032567676508,dB,sentinel1,0.5
IN-TNJ-01-P1,2025-11-10,vv_db,-6.820669992448724,dB,sentinel1,0.5
IN-TNJ-01-P1,2025-11-16,vh_db,-14.372321276841964,dB,sentinel1,0.5
IN-TNJ-01-P1,2025-11-16,vv_db,-8.214247988579032,dB,sentinel1,0.5
IN-TNJ-01-P1,2025-11-22,vh_db,-15.168976392361392,dB,sentinel1,0.5
IN-TNJ-01-P1,2025-11-22,vv_db,-10.923075897640624,dB,sentinel1,0.5
IN-TNJ-01-P1,2025-11-28,vh_db,-15.517947641397154,dB,sentinel1,0.5
IN-TNJ-01-P1,2025-11-28,vv_db,-9.06918485544987,dB,sentinel1,0.5
IN-TNJ-01-P1,2025-12-04,vh_db,-16.85039938986929,dB,sentinel1,0.5
IN-TNJ-01-P1,2025-12-04,vv_db,-9.274091394780312,dB,sentinel1,0.5
IN-TNJ-01-P1,2025-12-10,vh_db,-17.451153489890846,dB,sentinel1,0.5
IN-TNJ-01-P1,2025-12-10,vv_db,-9.844931991029442,dB,sentinel1,0.5
IN-TNJ-01-P1,2025-12-16,vh_db,-17.639558241668766,dB,sentinel1,0.5
IN-TNJ-01-P1,2025-12-16,vv_db,-11.086527794754138,dB,sentinel1,0.5
IN-TNJ-01-P1,2025-12-22,vh_db,-19.412650033433714,dB,sentinel1,0.5
IN-TNJ-01-P1,2025-12-22,vv_db,-11.946623356686885,dB,sentinel1,0.5
IN-TNJ-01-P1,2025-12-28,vh_db,-20.20784125721385,dB,sentinel1,0.5
IN-TNJ-01-P1,2025-12-28,vv_db,-13.046753629616264,dB,sentinel1,0.5
IN-TNJ-01-P1,2026-01-03,vh_db,-21.83625253175848,dB,sentinel1,0.5
IN-TNJ-01-P1,2026-01-03,vv_db,-12.653667972405024,dB,sentinel1,0.5
IN-TNJ-01-P1,2026-01-09,vh_db,-22.540835253391137,dB,sentinel1,0.5
IN-TNJ-01-P1,2026-01-09,vv_db,-12.871218795047797,dB,sentinel1,0.5
IN-TNJ-01-P1,2026-01-15,practice_adopted,0.712576343780144,probability,sentinel1,0.287423656219856
IN-TNJ-01-P1,2026-01-15,vh_db,-24.512448247585827,dB,sentinel1,0.5
IN-TNJ-01-P1,2026-01-15,vv_db,-13.147160636435311,dB,sentinel1,0.5
IN-TNJ-01-P1,2026-01-21,vh_db,-26.327974775766016,dB,sentinel1,0.5
IN-TNJ-01-P1,2026-01-21,vv_db,-12.839389469371376,dB,sentinel1,0.5
IN-TNJ-01-P1,2026-01-27,vh_db,-25.61566422579709,dB,sentinel1,0.5
IN-TNJ-01-P1,2026-01-27,vv_db,-12.842828148219983,dB,sentinel1,0.5
IN-TNJ-01-P1,2026-02-02,vh_db,-26.140009157275784,dB,sentinel1,0.5
IN-TNJ-01-P1,2026-02-02,vv_db,-12.57973426334312,dB,sentinel1,0.5
IN-TNJ-01-P1,2026-02-08,vh_db,-25.580432210601966,dB,sentinel1,0.5
IN-TNJ-01-P1,2026-02-08,vv_db,-12.701765103611546,dB,sentinel1,0.5
IN-TNJ-01-P1,2026-02-14,vh_db,-25.617149329073065,dB,sentinel1,0.5
IN-TNJ-01-P1,2026-02-14,vv_db,-12.314237538754577,dB,sentinel1,0.5
IN-TNJ-01-P1,2026-02-20,vh_db,-26.47075523947616,dB,sentinel1,0.5
IN-TNJ-01-P1,2026-02-20,vv_db,-12.979506863926035,dB,sentinel1,0.5
IN-TNJ-01-P1,2026-02-26,vh_db,-26.055255180586887,dB,sentinel1,0.5
IN-TNJ-01-P1,2026-02-26,vv_db,-12.948900752916769,dB,sentinel1,0.5
IN-TNJ-01-P1,2026-03-04,vh_db,-26.00923946767795,dB,sentinel1,0.5
IN-TNJ-01-P1,2026-03-04,vv_db,-12.541679780921436,dB,sentinel1,0.5
IN-TNJ-01-P1,2026-03-10,vh_db,-25.734941499595283,dB,sentinel1,0.5
IN-TNJ-01-P1,2026-03-10,vv_db,-12.911936747443336,dB,sentinel1,0.5
IN-TNJ-01-P1,2026-03-16,vh_db,-26.435591640634367,dB,sentinel1,0.5
IN-TNJ-01-P1,2026-03-16,vv_db,-12.96352313114917,dB,sentinel1,0.5
IN-TNJ-01-P1,2026-03-22,vh_db,-25.549207501357703,dB,sentinel1,0.5
IN-TNJ-01-P1,2026-03-22,vv_db,-12.517133032126042,dB,sentinel1,0.5
IN-TNJ-01-P1,2026-03-28,vh_db,-26.04986598541724,dB,sentinel1,0.5
IN-TNJ-01-P1,2026-03-28,vv_db,-12.672444356482316,dB,sentinel1,0.5
IN-TNJ-01-P1,2026-04-03,vh_db,-25.985232251343604,dB,sentinel1,0.5
IN-TNJ-01-P1,2026-04-03,vv_db,-12.531553744369218,dB,sentinel1,0.5
IN-TNJ-01-P1,2026-04-09,vh_db,-25.809477075075144,dB,sentinel1,0.5
IN-TNJ-01-P1,2026-04-09,vv_db,-12.959351592472292,dB,sentinel1,0.5
IN-TNJ-01-P1,2026-04-15,vh_db,-25.644223640939273,dB,sentinel1,0.5
IN-TNJ-01-P1,2026-04-15,vv_db,-12.460662431547819,dB,sentinel1,0.5
IN-TNJ-01-P1,2026-04-21,vh_db,-25.805274475669783,dB,sentinel1,0.5
IN-TNJ-01-P1,2026-04-21,vv_db,-12.946178349473907,dB,sentinel1,0.5
IN-TNJ-01-P1,2026-04-27,vh_db,-25.50145753589493,dB,sentinel1,0.5
IN-TNJ-01-P1,2026-04-27,vv_db,-12.92758148266408,dB,sentinel1,0.5
IN-TNJ-01-P1,2026-05-03,vh_db,-26.02090002445525,dB,sentinel1,0.5
IN-TNJ-01-P1,2026-05-03,vv_db,-13.248599923580796,dB,sentinel1,0.5
IN-TNJ-01-P1,2026-05-09,vh_db,-25.80570878351706,dB,sentinel1,0.5
IN-TNJ-01-P1,2026-05-09,vv_db,-12.218390039987616,dB,sentinel1,0.5
IN-TNJ-01-P1,2026-05-15,vh_db,-25.50248496630287,dB,sentinel1,0.5
IN-TNJ-01-P1,2026-05-15,vv_db,-12.570551461672174,dB,sentinel1,0.5
IN-TNJ-01-P1,2026-05-21,vh_db,-26.176814529969548,dB,sentinel1,0.5
IN-TNJ-01-P1,2026-05-21,vv_db,-12.68698587984589,dB,sentinel1,0.5
IN-TNJ-01-P1,2026-05-27,vh_db,-26.12534110448913,dB,sentinel1,0.5
IN-TNJ-01-P1,2026-05-27,vv_db,-12.321805103216887,dB,sentinel1,0.5
IN-TNJ-01-P1,2026-06-02,vh_db,-26.471285746891816,dB,sentinel1,0.5
IN-TNJ-01-P1,2026-06-02,vv_db,-12.780615156019053,dB,sentinel1,0.5
IN-TNJ-01-P1,2026-06-08,vh_db,-25.97694342431541,dB,sentinel1,0.5
IN-TNJ-01-P1,2026-06-08,vv_db,-13.12120085786327,dB,sentinel1,0.5
IN-TNJ-01-P1,2026-06-14,vh_db,-22.232581286163917,dB,sentinel1,0.5
IN-TNJ-01-P1,2026-06-14,vv_db,-14.764792514587999,dB,sentinel1,0.5
IN-TNJ-01-P1,2026-06-20,vh_db,-19.334103295458704,dB,sentinel1,0.5
IN-TNJ-01-P1,2026-06-20,vv_db,-11.99671402514212,dB,sentinel1,0.5
IN-TNJ-01-P1,2026-06-26,vh_db,-17.505402180599614,dB,sentinel1,0.5
IN-TNJ-01-P1,2026-06-26,vv_db,-10.142822788935915,dB,sentinel1,0.5
IN-TNJ-01-P1,2026-07-02,vh_db,-16.19979182863995,dB,sentinel1,0.5
IN-TNJ-01-P1,2026-07-02,vv_db,-9.216982645341844,dB,sentinel1,0.5
IN-TNJ-01-P1,2026-07-08,vh_db,-15.345807433387238,dB,sentinel1,0.5
IN-TNJ-01-P1,2026-07-08,vv_db,-7.729192881907522,dB,sentinel1,0.5
IN-TNJ-01-P1,2026-07-14,vh_db,-14.628152002562738,dB,sentinel1,0.5
IN-TNJ-01-P1,2026-07-14,vv_db,-7.129654124042968,dB,sentinel1,0.5
IN-TNJ-01-P1,2026-07-20,vh_db,-13.73075267501821,dB,sentinel1,0.5
IN-TNJ-01-P1,2026-07-20,vv_db,-6.881149942992974,dB,sentinel1,0.5
IN-TNJ-01-P1,2026-07-26,vh_db,-13.316470921868287,dB,sentinel1,0.5
IN-TNJ-01-P1,2026-07-26,vv_db,-6.38197070801894,dB,sentinel1,0.5
IN-TNJ-01-P1,2026-08-01,vh_db,-13.70803238051453,dB,sentinel1,0.5
IN-TNJ-01-P1,2026-08-01,vv_db,-6.455273509004431,dB,sentinel1,0.5
IN-TNJ-01-P1,2026-08-07,vh_db,-14.703259353387471,dB,sentinel1,0.5
IN-TNJ-01-P1,2026-08-07,vv_db,-7.0211758703163945,dB,sentinel1,0.5
IN-TNJ-01-P1,2026-08-13,vh_db,-14.832411229469347,dB,sentinel1,0.5
IN-TNJ-01-P1,2026-08-13,vv_db,-7.9633175978601205,dB,sentinel1,0.5
IN-TNJ-01-P1,2026-08-19,vh_db,-15.90666426123366,dB,sentinel1,0.5
IN-TNJ-01-P1,2026-08-19,vv_db,-8.167832249157955,dB,sentinel1,0.5
IN-TNJ-01-P1,2026-08-25,vh_db,-16.39463170077453,dB,sentinel1,0.5
IN-TNJ-01-P1,2026-08-25,vv_db,-8.974300094373282,dB,sentinel1,0.5
IN-TNJ-01-P1,2026-08-31,vh_db,-17.69352303637182,dB,sentinel1,0.5
IN-TNJ-01-P1,2026-08-31,vv_db,-10.706832271679183,dB,sentinel1,0.5
IN-TNJ-01-P1,2026-09-06,vh_db,-19.75919488388018,dB,sentinel1,0.5
IN-TNJ-01-P1,2026-09-06,vv_db,-11.897415251878758,dB,sentinel1,0.5
IN-TNJ-01-P1,2026-09-12,vh_db,-21.07548801171362,dB,sentinel1,0.5
IN-TNJ-01-P1,2026-09-12,vv_db,-13.614197960708651,dB,sentinel1,0.5
IN-TNJ-01-P1,2026-09-18,vh_db,-23.297997741955953,dB,sentinel1,0.5
IN-TNJ-01-P1,2026-09-18,vv_db,-13.175996445224557,dB,sentinel1,0.5
IN-TNJ-01-P1,2026-09-24,vh_db,-25.321103037738464,dB,sentinel1,0.5
IN-TNJ-01-P1,2026-09-24,vv_db,-13.238948461819376,dB,sentinel1,0.5
IN-TNJ-01-P1,2027-01-16,practice_adopted,0.5076152582531895,probability,sentinel1,0.49238474174681046
