id,at,actor,kind,subject_type,subject_id,payload,prev_hash,hash
1,2026-09-27T17:55:46+00:00,pipeline,project.saved,project,IN-TNJ-01,"{""area_ha"":2.4918,""farmers"":1,""methodology"":""VM0051"",""plots"":1}",0000000000000000000000000000000000000000000000000000000000000000,873248d6b0be16413db5a9d176d49be3aa38ed64e4ce37b5e9b172d03e22a8b0
2,2026-09-27T17:55:46+00:00,pipeline,observations.ingested,project,IN-TNJ-01,"{""added"":164,""offered"":291,""plots"":1,""variables"":[""practice_adopted"",""vh_db"",""vv_db""]}",873248d6b0be16413db5a9d176d49be3aa38ed64e4ce37b5e9b172d03e22a8b0,82f9b238978c315ecd0cd36267dea6ad5f9a4814a9ce25278c0d0ffd327a3397
3,2026-09-27T17:55:46+00:00,pipeline,pipeline.run,project,IN-TNJ-01,"{""conflicts"":[],""coverage"":1.0,""gaps"":0,""plots"":1,""project_id"":""IN-TNJ-01"",""retrievals"":291,""stored"":164,""variables"":[""practice_adopted"",""vv_db"",""vh_db""],""window_end"":""2026-09-26"",""window_start"":""2025-06-01""}",82f9b238978c315ecd0cd36267dea6ad5f9a4814a9ce25278c0d0ffd327a3397,657d15d0e87b1b811d2d3acff4001945c7a09108f41bde6d03a51658c2ca2996
4,2026-09-27T17:55:46+00:00,pipeline,vintage.quantified,vintage,IN-TNJ-01:2025,"{""area_ha"":2.4918,""gross_t"":1.7138,""net_t"":1.114,""previous_status"":null,""warnings"":5}",657d15d0e87b1b811d2d3acff4001945c7a09108f41bde6d03a51658c2ca2996,2a877d3404bf4d2c22b30b072f92270e32a6fa1cfafa2e61bd45588a094d4501
5,2026-09-27T17:55:46+00:00,ops,vintage.under_review,vintage,IN-TNJ-01:2025,"{""from"":""draft"",""note"":"""",""warnings"":[""Kuruvai: the series mixes relative orbits; incidence angle is normalised but a row-planted canopy still looks different from a different geometry"",""Kuruvai: the end-of-season drain before harvest was detected and excluded; the baseline field is drained for harvest too"",""Samba: the series mixes relative orbits; incidence angle is normalised but a row-planted canopy still looks different from a different geometry"",""Samba: 68% of passes were separable; the rest fell near the stage where flooded and drained backscatter cross"",""Samba: the end-of-season drain before harvest was detected and excluded; the baseline field is drained for harvest too""]}",2a877d3404bf4d2c22b30b072f92270e32a6fa1cfafa2e61bd45588a094d4501,8137865e4e21327133bcb165ebb4cbcb82f2e2182f5ea8820752df8e362010ea
6,2026-09-27T17:55:46+00:00,verifier,vintage.held,vintage,IN-TNJ-01:2025,"{""from"":""under_review"",""note"":""held pending field confirmation"",""warnings"":[""Kuruvai: the series mixes relative orbits; incidence angle is normalised but a row-planted canopy still looks different from a different geometry"",""Kuruvai: the end-of-season drain before harvest was detected and excluded; the baseline field is drained for harvest too"",""Samba: the series mixes relative orbits; incidence angle is normalised but a row-planted canopy still looks different from a different geometry"",""Samba: 68% of passes were separable; the rest fell near the stage where flooded and drained backscatter cross"",""Samba: the end-of-season drain before harvest was detected and excluded; the baseline field is drained for harvest too""]}",8137865e4e21327133bcb165ebb4cbcb82f2e2182f5ea8820752df8e362010ea,e8d2a4c7d0191884221d3080992d316f3c014661229fcbc6bd24fd2afc2058ae
7,2026-09-27T17:55:46+00:00,pipeline,project.saved,project,KE-NYR-01,"{""area_ha"":2.8729,""farmers"":1,""methodology"":""VM0047"",""plots"":1}",e8d2a4c7d0191884221d3080992d316f3c014661229fcbc6bd24fd2afc2058ae,fe731b34e39b2248a46dfdeca2c67c75aebfc93019bcddd3584201cdc88300cf
8,2026-09-27T17:55:46+00:00,pipeline,observations.ingested,project,KE-NYR-01,"{""added"":64,""offered"":224,""plots"":1,""variables"":[""canopy_height_m"",""stocking_index""]}",fe731b34e39b2248a46dfdeca2c67c75aebfc93019bcddd3584201cdc88300cf,70e56a48adad25fe5042cbe8945476a9504c8c3cceb31a5ee79a94d9d79e00e6
9,2026-09-27T17:55:46+00:00,pipeline,pipeline.run,project,KE-NYR-01,"{""conflicts"":[],""coverage"":1.0,""gaps"":0,""plots"":1,""project_id"":""KE-NYR-01"",""retrievals"":224,""stored"":64,""variables"":[""canopy_height_m"",""stocking_index""],""window_end"":""2026-09-26"",""window_start"":""2025-03-20""}",70e56a48adad25fe5042cbe8945476a9504c8c3cceb31a5ee79a94d9d79e00e6,fae74f9ed07f914c3a8116d4684392f711ed5a3edf091a6cb771532ada601c16
10,2026-09-27T17:55:46+00:00,pipeline,evidence.exported,project,IN-TNJ-01,"{""chain_intact"":true,""files"":14,""head_hash"":""fae74f9ed07f914c3a8116d4684392f711ed5a3edf091a6cb771532ada601c16""}",fae74f9ed07f914c3a8116d4684392f711ed5a3edf091a6cb771532ada601c16,b49343dca2b07aad96b0bdfab5a011e9e535423aa1bd9254896f2b43d48533a0
